{
  "config": {
    "num_samples": 20,
    "step_counts": [
      5,
      10,
      20,
      50,
      100
    ],
    "seed": 42
  },
  "final_metrics": {
    "5": {
      "mse": {
        "mean": 0.004587708902852228,
        "std": 0.010627426088515182
      },
      "psnr": {
        "mean": 42.96435535796659,
        "std": 16.069727634778115
      },
      "iou": {
        "mean": 0.9690249243120956,
        "std": 0.07002252868227705
      }
    },
    "10": {
      "mse": {
        "mean": 0.00469601316892323,
        "std": 0.011023450415549649
      },
      "psnr": {
        "mean": 47.663415036122686,
        "std": 17.832675478034783
      },
      "iou": {
        "mean": 0.9693022459997312,
        "std": 0.0719178452914485
      }
    },
    "20": {
      "mse": {
        "mean": 0.004928492384111393,
        "std": 0.01145194360407409
      },
      "psnr": {
        "mean": 50.874319705984796,
        "std": 19.25741659093109
      },
      "iou": {
        "mean": 0.9686073339757814,
        "std": 0.0733423070797479
      }
    },
    "50": {
      "mse": {
        "mean": 0.004585805451877078,
        "std": 0.011218405710561012
      },
      "psnr": {
        "mean": 54.70147775521163,
        "std": 19.172396211495958
      },
      "iou": {
        "mean": 0.970610855479247,
        "std": 0.07114281271405092
      }
    },
    "100": {
      "mse": {
        "mean": 0.004119822478403279,
        "std": 0.011063907658049656
      },
      "psnr": {
        "mean": 57.52530609724023,
        "std": 17.752983781014386
      },
      "iou": {
        "mean": 0.9731634915712253,
        "std": 0.06939047789681982
      }
    }
  },
  "sufficient_steps": {
    "iou_threshold": 5,
    "mse_ratio": 100,
    "threshold_iou_used": 0.9,
    "threshold_mse_ratio_used": 1.1,
    "best_mse": 0.004119822478403279
  },
  "per_sample": [
    {
      "sample_id": 0,
      "steps_5": {
        "mse": 2.597431148387841e-06,
        "psnr": 55.854559557136305,
        "iou": 1.0
      },
      "steps_10": {
        "mse": 7.786393894093635e-07,
        "psnr": 61.0866363019603,
        "iou": 1.0
      },
      "steps_20": {
        "mse": 3.2299683994096995e-07,
        "psnr": 64.90801726594324,
        "iou": 1.0
      },
      "steps_50": {
        "mse": 1.9674165230298968e-07,
        "psnr": 67.06103685579615,
        "iou": 1.0
      },
      "steps_100": {
        "mse": 1.7922791073488042e-07,
        "psnr": 67.465943577639,
        "iou": 1.0
      }
    },
    {
      "sample_id": 1,
      "steps_5": {
        "mse": 1.3069548003841192e-06,
        "psnr": 58.83739431763907,
        "iou": 1.0
      },
      "steps_10": {
        "mse": 4.374960553832352e-07,
        "psnr": 63.590258583742795,
        "iou": 1.0
      },
      "steps_20": {
        "mse": 2.2522733900132152e-07,
        "psnr": 66.47378894207998,
        "iou": 1.0
      },
      "steps_50": {
        "mse": 1.6912218825382297e-07,
        "psnr": 67.71799410710655,
        "iou": 1.0
      },
      "steps_100": {
        "mse": 1.625717942488336e-07,
        "psnr": 67.88954801083057,
        "iou": 1.0
      }
    },
    {
      "sample_id": 2,
      "steps_5": {
        "mse": 0.024815507233142853,
        "psnr": 16.052768433236558,
        "iou": 0.7722371967654986
      },
      "steps_10": {
        "mse": 0.027915971353650093,
        "psnr": 15.54147256003027,
        "iou": 0.7569352708058125
      },
      "steps_20": {
        "mse": 0.028919106349349022,
        "psnr": 15.388151316244986,
        "iou": 0.7549407114624506
      },
      "steps_50": {
        "mse": 0.02734966389834881,
        "psnr": 15.630480063685528,
        "iou": 0.7701612903225806
      },
      "steps_100": {
        "mse": 0.02517796866595745,
        "psnr": 15.989793112715251,
        "iou": 0.7860082304526749
      }
    },
    {
      "sample_id": 3,
      "steps_5": {
        "mse": 5.935810258961283e-05,
        "psnr": 42.265199899397984,
        "iou": 1.0
      },
      "steps_10": {
        "mse": 1.5462699593626894e-05,
        "psnr": 48.107146814225594,
        "iou": 1.0
      },
      "steps_20": {
        "mse": 4.3037448449467774e-06,
        "psnr": 53.66153484487679,
        "iou": 1.0
      },
      "steps_50": {
        "mse": 1.0587878023216035e-06,
        "psnr": 59.75191070595976,
        "iou": 1.0
      },
      "steps_100": {
        "mse": 5.545257408812176e-07,
        "psnr": 62.560782892565655,
        "iou": 1.0
      }
    },
    {
      "sample_id": 4,
      "steps_5": {
        "mse": 0.0004991288878954947,
        "psnr": 33.017872939075815,
        "iou": 0.9961501443695862
      },
      "steps_10": {
        "mse": 2.817334643623326e-05,
        "psnr": 45.50161564357046,
        "iou": 1.0
      },
      "steps_20": {
        "mse": 6.5921594796236604e-06,
        "psnr": 51.80972294593293,
        "iou": 1.0
      },
      "steps_50": {
        "mse": 1.6306677252941881e-06,
        "psnr": 57.876345244118696,
        "iou": 1.0
      },
      "steps_100": {
        "mse": 9.083012741939456e-07,
        "psnr": 60.41770076569065,
        "iou": 1.0
      }
    },
    {
      "sample_id": 5,
      "steps_5": {
        "mse": 6.671530741186871e-07,
        "psnr": 61.7577450848546,
        "iou": 1.0
      },
      "steps_10": {
        "mse": 2.485348886693828e-07,
        "psnr": 66.04612637542124,
        "iou": 1.0
      },
      "steps_20": {
        "mse": 1.4206959519924567e-07,
        "psnr": 68.47498856978055,
        "iou": 1.0
      },
      "steps_50": {
        "mse": 1.1315731285321817e-07,
        "psnr": 69.46317374283939,
        "iou": 1.0
      },
      "steps_100": {
        "mse": 1.0924997440042716e-07,
        "psnr": 69.61578656121884,
        "iou": 1.0
      }
    },
    {
      "sample_id": 6,
      "steps_5": {
        "mse": 2.0846730421908433e-06,
        "psnr": 56.809620496144426,
        "iou": 1.0
      },
      "steps_10": {
        "mse": 6.260536338231759e-07,
        "psnr": 62.033884593204434,
        "iou": 1.0
      },
      "steps_20": {
        "mse": 2.5299993922089925e-07,
        "psnr": 65.96879583156321,
        "iou": 1.0
      },
      "steps_50": {
        "mse": 1.4584590246613516e-07,
        "psnr": 68.36105767854177,
        "iou": 1.0
      },
      "steps_100": {
        "mse": 1.2974160767953435e-07,
        "psnr": 68.86920724857892,
        "iou": 1.0
      }
    },
    {
      "sample_id": 7,
      "steps_5": {
        "mse": 0.04337567463517189,
        "psnr": 13.627537574332553,
        "iou": 0.7583479789103691
      },
      "steps_10": {
        "mse": 0.043749719858169556,
        "psnr": 13.590247235431683,
        "iou": 0.7605263157894737
      },
      "steps_20": {
        "mse": 0.044242482632398605,
        "psnr": 13.541605109235267,
        "iou": 0.7585301837270341
      },
      "steps_50": {
        "mse": 0.04457081854343414,
        "psnr": 13.509493900189986,
        "iou": 0.7585301837270341
      },
      "steps_100": {
        "mse": 0.04468661919236183,
        "psnr": 13.498225010487872,
        "iou": 0.7585301837270341
      }
    },
    {
      "sample_id": 8,
      "steps_5": {
        "mse": 0.0063696675933897495,
        "psnr": 21.95883231106306,
        "iou": 0.9547244094488189
      },
      "steps_10": {
        "mse": 0.006322218105196953,
        "psnr": 21.99130525856511,
        "iou": 0.961576354679803
      },
      "steps_20": {
        "mse": 0.006055735517293215,
        "psnr": 22.178331007947065,
        "iou": 0.9634748272458046
      },
      "steps_50": {
        "mse": 0.011813304387032986,
        "psnr": 19.27628605661019,
        "iou": 0.9246778989098117
      },
      "steps_100": {
        "mse": 0.0125234080478549,
        "psnr": 19.022774686522077,
        "iou": 0.9187314172447968
      }
    },
    {
      "sample_id": 9,
      "steps_5": {
        "mse": 0.000290793483145535,