{
  "config": {
    "num_samples": 20,
    "num_steps": 50,
    "red_threshold": 0.5,
    "seed": 42
  },
  "timesteps": [
    0.0,
    0.02,
    0.04,
    0.06,
    0.08,
    0.1,
    0.12,
    0.14,
    0.16,
    0.18,
    0.2,
    0.22,
    0.24,
    0.26,
    0.28,
    0.3,
    0.32,
    0.34,
    0.36,
    0.38,
    0.4,
    0.42,
    0.44,
    0.46,
    0.48,
    0.5,
    0.52,
    0.54,
    0.56,
    0.58,
    0.6,
    0.62,
    0.64,
    0.66,
    0.68,
    0.7000000000000001,
    0.72,
    0.74,
    0.76,
    0.78,
    0.8,
    0.8200000000000001,
    0.84,
    0.86,
    0.88,
    0.9,
    0.92,
    0.9400000000000001,
    0.96,
    0.98,
    1.0
  ],
  "statistics": {
    "recall": {
      "mean": [
        0.0,
        0.0,
        0.0,
        0.0,
        0.0,
        0.0,
        0.0,
        0.0,
        0.0,
        0.0,
        0.0,
        0.0,
        0.0,
        0.0,
        0.0,
        0.0,
        0.0,
        0.0,
        0.0,
        0.0,
        0.0,
        0.0,
        0.0,
        0.0,
        0.0,
        0.0,
        0.0,
        0.0,
        0.0,
        0.0,
        0.0,
        0.0,
        0.0,
        0.0,
        0.0,
        0.24789638753650664,
        0.9961275637858966,
        0.9965291750503018,
        0.9966297786720322,
        0.9967303822937627,
        0.9967806841046277,
        0.996830985915493,
        0.9968812877263581,
        0.9969315895372233,
        0.9969315895372233,
        0.9969315895372233,
        0.9969315895372233,
        0.9969315895372233,
        0.9969315895372233,
        0.9969315895372233,
        0.9969315895372233
      ],
      "std": [
        0.0,
        0.0,
        0.0,
        0.0,
        0.0,
        0.0,
        0.0,
        0.0,
        0.0,
        0.0,
        0.0,
        0.0,
        0.0,
        0.0,
        0.0,
        0.0,
        0.0,
        0.0,
        0.0,
        0.0,
        0.0,
        0.0,
        0.0,
        0.0,
        0.0,
        0.0,
        0.0,
        0.0,
        0.0,
        0.0,
        0.0,
        0.0,
        0.0,
        0.0,
        0.0,
        0.05283198724153298,
        0.016427387497624547,
        0.01512897520645406,
        0.014690454185977126,
        0.014251933165500198,
        0.014032672655261725,
        0.013813412145023267,
        0.013594151634784793,
        0.013374891124546337,
        0.013374891124546337,
        0.013374891124546337,
        0.013374891124546337,
        0.013374891124546337,
        0.013374891124546337,
        0.013374891124546337,
        0.013374891124546337
      ],
      "ci_95_lower": [
        0.0,
        0.0,
        0.0,
        0.0,
        0.0,
        0.0,
        0.0,
        0.0,
        0.0,
        0.0,
        0.0,
        0.0,
        0.0,
        0.0,
        0.0,
        0.0,
        0.0,
        0.0,
        0.0,
        0.0,
        0.0,
        0.0,
        0.0,
        0.0,
        0.0,
        0.0,
        0.0,
        0.0,
        0.0,
        0.0,
        0.0,
        0.0,
        0.0,
        0.0,
        0.0,
        0.22474174822424664,
        0.9889279437789625,
        0.9898986093199599,
        0.9901914032527147,
        0.9904841971854695,
        0.9906305941518468,
        0.9907769911182244,
        0.9909233880846017,
        0.991069785050979,
        0.991069785050979,
        0.991069785050979,
        0.991069785050979,
        0.991069785050979,
        0.991069785050979,
        0.991069785050979,
        0.991069785050979
      ],
      "ci_95_upper": [
        0.0,
        0.0,
        0.0,
        0.0,
        0.0,
        0.0,
        0.0,
        0.0,
        0.0,
        0.0,
        0.0,
        0.0,
        0.0,
        0.0,
        0.0,
        0.0,
        0.0,
        0.0,
        0.0,
        0.0,
        0.0,
        0.0,
        0.0,
        0.0,
        0.0,
        0.0,
        0.0,
        0.0,
        0.0,
        0.0,
        0.0,
        0.0,
        0.0,
        0.0,
        0.0,
        0.27105102684876664,
        1.0033271837928306,
        1.0031597407806436,
        1.0030681540913498,
        1.0029765674020557,
        1.0029307740574085,
        1.0028849807127618,
        1.0028391873681146,
        1.0027933940234675,
        1.0027933940234675,
        1.0027933940234675,
        1.0027933940234675,
        1.0027933940234675,
        1.0027933940234675,
        1.0027933940234675,
        1.0027933940234675
      ]
    },
    "iou": {
      "mean": [
        0.0,
        0.0,
        0.0,
        0.0,
        0.0,
        0.0,
        0.0,
        0.0,
        0.0,
        0.0,
        0.0,
        0.0,
        0.0,
        0.0,
        0.0,
        0.0,
        0.0,
        0.0,
        0.0,
        0.0,
        0.0,
        0.0,
        0.0,
        0.0,
        0.0,
        0.0,
        0.0,
        0.0,
        0.0,
        0.0,
        0.0,
        0.0,
        0.0,
        0.0,
        0.0,
        0.24704203910724506,
        0.9712341778998527,
        0.9706348150032597,
        0.970492385627859,
        0.9705519372845549,
        0.9706014912984301,
        0.9706115540546187,
        0.9706611080684938,
        0.9706440660827378,
        0.970610855479247,
        0.970610855479247,
        0.970610855479247,
        0.970610855479247,
        0.970610855479247,
        0.970610855479247,
        0.970610855479247
      ],
      "std": [
        0.0,
        0.0,
        0.0,
        0.0,
        0.0,
        0.0,
        0.0,
        0.0,
        0.0,
        0.0,
        0.0,
        0.0,
        0.0,
        0.0,
        0.0,
        0.0,
        0.0,
        0.0,
        0.0,
        0.0,
        0.0,
        0.0,
        0.0,
        0.0,
        0.0,
        0.0,
        0.0,
        0.0,
        0.0,
        0.0,
        0.0,
        0.0,
        0.0,
        0.0,
        0.0,
        0.052524455879959124,
        0.06893964853576093,
        0.07043014094578029,
        0.07103870879960016,
        0.07097364761167371,
        0.07093917063369666,
        0.07091167761490473,
        0.0708785146329525,
        0.07104388856622947,
        0.0711428127140509,
        0.0711428127140509,
        0.0711428127140509,
        0.0711428127140509,
        0.0711428127140509,
        0.0711428127140509,
        0.0711428127140509
      ],
      "ci_95_lower": [
        0.0,
        0.0,
        0.0,
        0.0,
        0.0,
        0.0,
        0.0,
        0.0,
        0.0,
        0.0,
        0.0,
        0.0,
        0.0,
        0.0,
        0.0,
        0.0,
        0.0,
        0.0,
        0.0,
        0.0,
        0.0,
        0.0,
        0.0,
        0.0,
        0.0,
        0.0,
        0.0,
        0.0,
        0.0,
        0.0,
        0.0,
        0.0,
        0.0,
        0.0,
        0.0,
        0.22402218135680474,
        0.9410200447675552,
        0.939767444770607,
        0.9393582987735541,
        0.9394463647530746,
        0.9395110289687671,
        0.9395331410717053,
        0.9395972294032487,
        0.939507709095616,
        0.9394311430727728,
        0.9394311430727728,
        0.9394311430727728,
        0.9394311430727728,
        0.9394311430727728,
        0.9394311430727728,
        0.9394311430727728
      ],