{
  "20": [
    {
      "sample_id": 0,
      "timesteps": [
        0.0,
        0.05,
        0.1,
        0.15000000000000002,
        0.2,
        0.25,
        0.3,
        0.35,
        0.39999999999999997,
        0.44999999999999996,
        0.49999999999999994,
        0.5499999999999999,
        0.6,
        0.65,
        0.7000000000000001,
        0.7500000000000001,
        0.8000000000000002,
        0.8500000000000002,
        0.9000000000000002,
        0.9500000000000003,
        1.0000000000000002
      ],
      "mse": [
        0.173828125,
        0.15690258145332336,
        0.14082379639148712,
        0.1256195604801178,
        0.11128609627485275,
        0.09781990200281143,
        0.08522176742553711,
        0.07349177449941635,
        0.0626298114657402,
        0.052635859698057175,
        0.043509915471076965,
        0.035252004861831665,
        0.027862168848514557,
        0.02134043723344803,
        0.015686871483922005,
        0.010901544243097305,
        0.006984530482441187,
        0.003935897257179022,
        0.0017556751845404506,
        0.00044384514330886304,
        3.2299683994096995e-07
      ],
      "psnr": [
        7.5987995433091795,
        8.043699110866708,
        8.51323951953214,
        9.00942730446302,
        9.535590916248351,
        10.09572776596106,
        10.694494631513084,
        11.337612662140302,
        12.03218895651589,
        12.787182793675889,
        13.614117604324152,
        14.528161786535572,
        15.549850802207219,
        16.707966867799414,
        18.04463661431949,
        19.625119783205513,
        21.558627829268108,
        24.049562469334273,
        27.555558293240527,
        33.527685279425256,
        64.90801726594324
      ],
      "path_iou": [
        0.0,
        0.0,
        0.0,
        0.0,
        0.0,
        0.0,
        0.0,
        0.0,
        0.0,
        0.0,
        0.0,
        0.0,
        0.0,
        0.0,
        0.2247191011235955,
        1.0,
        1.0,
        1.0,
        1.0,
        1.0,
        1.0
      ],
      "red_fraction": [
        0.0,
        0.0,
        0.0,
        0.0,
        0.0,
        0.0,
        0.0,
        0.0,
        0.0,
        0.0,
        0.0,
        0.0,
        0.0,
        0.0,
        0.05859375,
        0.2607421875,
        0.2607421875,
        0.2607421875,
        0.2607421875,
        0.2607421875,
        0.2607421875
      ]
    }
  ]
}