{
  "epochs": [
    5,
    10,
    15,
    20,
    25,
    30,
    31,
    32,
    33,
    34,
    35,
    36,
    37,
    38,
    39,
    40,
    41,
    42,
    43,
    44,
    45,
    46,
    47,
    48,
    49,
    50,
    55,
    57,
    58,
    59,
    60,
    61,
    62,
    63,
    64,
    65,
    66,
    67,
    68,
    69,
    70,
    71,
    72,
    73,
    74,
    75,
    76,
    77,
    78,
    79,
    80,
    81,
    82,
    83,
    84,
    85,
    86,
    87,
    88,
    89,
    90,
    91,
    92,
    93,
    94,
    95,
    96,
    97,
    98,
    99,
    100
  ],
  "losses": [
    0.0012,
    0.00035,
    0.00015,
    7e-05,
    4e-05,
    2.5e-05,
    2.12e-05,
    2.49e-05,
    1.96e-05,
    2.08e-05,
    2.09e-05,
    1.78e-05,
    1.87e-05,
    1.84e-05,
    1.75e-05,
    1.8e-05,
    1.64e-05,
    1.69e-05,
    1.5e-05,
    1.48e-05,
    1.59e-05,
    1.5e-05,
    1.5e-05,
    1.6e-05,
    1.5e-05,
    1.31e-05,
    1.2e-05,
    1.2e-05,
    1.24e-05,
    1.24e-05,
    1.07e-05,
    9.83e-06,
    1.12e-05,
    1.17e-05,
    9.28e-06,
    9.51e-06,
    9.49e-06,
    1.07e-05,
    8.43e-06,
    1e-05,
    9.6e-06,
    9.39e-06,
    9.39e-06,
    9.14e-06,
    7.75e-06,
    8.81e-06,
    8.26e-06,
    8.13e-06,
    7.25e-06,
    9.37e-06,
    8e-06,
    8.49e-06,
    7.8e-06,
    7.74e-06,
    9.39e-06,
    6.69e-06,
    7.23e-06,
    8.32e-06,
    7.16e-06,
    7.38e-06,
    7.38e-06,
    5.08e-06,
    6.96e-06,
    5.91e-06,
    7.65e-06,
    6.26e-06,
    5.78e-06,
    6.18e-06,
    7.36e-06,
    5.43e-06,
    6.25e-06
  ],
  "throughput": [
    7000,
    7000,
    7000,
    7000,
    7000,
    7000,
    7261,
    6861,
    6940,
    7129,
    7035,
    7107,
    7048,
    6974,
    7021,
    7113,
    7073,
    7846,
    8900,
    8917,
    9796,
    11724,
    11632,
    11668,
    11629,
    11500,
    11700,
    11715,
    11714,
    11798,
    9462,
    7358,
    7267,
    7195,
    7153,
    7402,
    7098,
    7031,
    7025,
    7335,
    7469,
    7489,
    7132,
    7062,
    7152,
    7010,
    6249,
    7024,
    7057,
    7164,
    7026,
    7230,
    7070,
    7150,
    7185,
    7190,
    7069,
    6990,
    7020,
    7167,
    7032,
    7066,
    7194,
    7135,
    7114,
    7122,
    7065,
    7023,
    7214,
    7192,
    7041
  ],
  "final_loss": 6.25e-06,
  "total_epochs": 100
}